Date,Price
2026-02-20 00:00:00,6092367.347486159
2026-02-21 00:00:00,6166730.671036533
2026-02-22 00:00:00,6167421.5569663085
2026-02-23 00:00:00,6132044.38390857
2026-02-24 00:00:00,5877904.816486458
2026-02-25 00:00:00,5825506.041087636
2026-02-26 00:00:00,6179906.746479165
2026-02-27 00:00:00,6139221.658943246
2026-02-28 00:00:00,6000769.898243445
2026-03-01 00:00:00,6102895.493287365
2026-03-02 00:00:00,5984275.487394328
2026-03-03 00:00:00,6305544.630558076
2026-03-04 00:00:00,6286193.4883730775
2026-03-05 00:00:00,6694568.0647264635
2026-03-06 00:00:00,6505413.051213356
2026-03-07 00:00:00,6265583.842492761
2026-03-08 00:00:00,6184943.552139279
2026-03-09 00:00:00,6071162.609842083
2026-03-10 00:00:00,6319544.712079575
2026-03-11 00:00:00,6427459.132593709
2026-03-12 00:00:00,6476952.781587672
2026-03-13 00:00:00,6517601.8570237355
2026-03-14 00:00:00,6571729.3213031115
2026-03-15 00:00:00,6593624.616147389
2026-03-16 00:00:00,6727548.65801573
2026-03-17 00:00:00,6906940.623961062
2026-03-18 00:00:00,6829860.404015485
2026-03-19 00:00:00,6639390.135900453
2026-03-20 00:00:00,6504037.303025701
2026-03-21 00:00:00,6635372.108167125
2026-03-22 00:00:00,6461678.631620447
2026-03-23 00:00:00,6364717.089252187
2026-03-24 00:00:00,6614293.785503927
2026-03-25 00:00:00,6649392.307315811
2026-03-26 00:00:00,6712173.7324164715
2026-03-27 00:00:00,6487672.4747853875
2026-03-28 00:00:00,6291490.149056623
2026-03-29 00:00:00,6286074.723243884
2026-03-30 00:00:00,6252812.76341992
2026-03-31 00:00:00,6293233.346703139
2026-04-01 00:00:00,6378628.7912758235
2026-04-02 00:00:00,6307964.144411761
2026-04-03 00:00:00,6219175.587858993
2026-04-04 00:00:00,6209570.020236374
2026-04-05 00:00:00,6257848.032767002
2026-04-06 00:00:00,6414170.630916693
2026-04-07 00:00:00,6401867.152927511
2026-04-08 00:00:00,6683688.621062967
2026-04-09 00:00:00,6562922.40461313
2026-04-10 00:00:00,6636645.267469073
2026-04-11 00:00:00,6794200.6216164315
2026-04-12 00:00:00,6801700.513610883
2026-04-13 00:00:00,6685979.115010805
2026-04-14 00:00:00,7073662.431479191
2026-04-15 00:00:00,6911131.07709397
2026-04-16 00:00:00,6988481.301043976
2026-04-17 00:00:00,6992493.008957324
2026-04-18 00:00:00,7142282.9730217345
2026-04-19 00:00:00,7012640.787487506
2026-04-20 00:00:00,6839333.548077347
2026-04-21 00:00:00,7065729.10911125
2026-04-22 00:00:00,7148143.539554088
2026-04-23 00:00:00,7334729.558793859
2026-04-24 00:00:00,7365352.684706975
2026-04-25 00:00:00,7284891.168464326
2026-04-26 00:00:00,7301368.80155073
2026-04-27 00:00:00,7412345.556328853
2026-04-28 00:00:00,7291979.197798691
2026-04-29 00:00:00,7225751.022576523
2026-04-30 00:00:00,7192314.200703767
2026-05-01 00:00:00,7228865.850329309
2026-05-02 00:00:00,7417877.106798627
2026-05-03 00:00:00,7465219.196657779
2026-05-04 00:00:00,7456410.950895795
2026-05-05 00:00:00,7603972.251116524
2026-05-06 00:00:00,7697655.602279161
2026-05-07 00:00:00,7698492.925461688
2026-05-08 00:00:00,7542918.579516168
2026-05-09 00:00:00,7571892.400148334
2026-05-10 00:00:00,7618063.532725338
2026-05-11 00:00:00,7756648.343564863
2026-05-12 00:00:00,7795901.593467104
2026-05-13 00:00:00,7697232.982407427
2026-05-14 00:00:00,7586573.537859392
2026-05-15 00:00:00,7757493.3873965945
2026-05-16 00:00:00,7590843.949543865
2026-05-17 00:00:00,7503070.600337917
2026-05-18 00:00:00,7430585.916040752
2026-05-19 00:00:00,7408220.505409941
2026-05-20 00:00:00,7417123.901127137
2026-05-21 00:00:00,7477092.237761773
2026-05-22 00:00:00,7457952.876748778
2026-05-23 00:00:00,7225168.156497625
2026-05-24 00:00:00,7337622.852549568
2026-05-25 00:00:00,7369287.471881351
2026-05-26 00:00:00,7360618.568158094
2026-05-27 00:00:00,7283830.127183205
2026-05-28 00:00:00,7148305.685131139
2026-05-28 06:57:54,7021410.036054883
